#{"t_start": 1772813248.3537831, "env_id": "None"}
r,l,t
-108.822787,200,1.676494
-110.401744,200,4.311906
-112.586672,200,6.438801
-122.124978,200,8.710256
-111.19654,200,10.839487
-122.947763,200,13.610028
-109.731238,200,16.168151
8.70029,5,16.260607
-100.184285,200,18.707411
-66.175753,133,20.194446
9.43323,2,20.247071
-105.526315,200,22.73886
-99.345452,200,24.871363
-75.716092,165,26.887097
-26.024376,76,27.853471
-112.646707,200,30.388552
-118.435238,200,33.039995
-129.937881,200,35.554155
-106.603894,200,37.906786
-110.644381,200,40.229177
9.455737,2,40.282327
-8.5698,40,40.980248
-107.896525,200,43.379835
-31.865233,79,44.240107
-113.35093,200,46.372383
-126.865678,200,48.806993
-19.722391,77,49.672852
-106.937256,200,52.094685
1.201926,19,52.372459
1.731806,24,52.73468
-124.028372,200,54.970388
-114.765153,200,57.100609
-111.351149,200,59.285298
-112.242205,200,61.461699
-113.90156,200,63.659212
-122.64923,200,65.852506
9.392646,3,65.917038
-115.450902,200,68.07302
-93.813514,200,70.214211
-90.738263,200,72.383726
6.662782,10,72.519335
-115.965578,200,74.708512
-104.592855,200,81.939987
6.532057,11,82.31279
-114.436772,200,86.579075
6.853608,10,86.716881
-130.110078,200,88.888811
-108.553772,200,91.074303
-123.65145,200,93.371787
-122.692905,200,97.300305
-120.494143,200,99.79642
8.910346,3,99.870439
-0.2368,25,100.171858
-96.653262,200,102.401585
-99.876346,200,104.567473
7.720405,7,104.673698
-82.436157,200,106.857285
-113.711057,200,109.012514
-160.696902,200,111.375417
1.358867,24,111.672322
-63.188194,164,113.523701
2.35566,19,113.763735
-111.223701,200,116.021401
-97.782295,200,118.194115
6.775959,8,118.313186
3.189897,19,118.560706
-104.028734,200,120.705964
-139.736227,200,123.34612
-16.996805,65,124.196153
3.263457,18,124.552865
-4.810942,35,125.146641
-105.047317,200,127.575222
8.841179,5,127.694561
-108.5255,200,130.513598
-121.641098,200,133.080318
-172.792968,200,135.507683
-115.317364,200,138.206688
-106.522841,200,140.613783
-138.973689,200,142.938488
-110.948456,200,145.800292
-109.391128,200,148.585135
-117.953954,200,151.474382
-79.702279,200,153.652578
-112.722616,200,156.618013
-88.044876,200,159.786614
-117.199969,200,162.436992
8.614391,7,162.556782
9.37907,3,162.628693
-148.516133,200,165.23089
-92.535127,200,167.671627
4.366656,17,167.905904
-142.795911,200,170.38346
-10.166631,44,170.975446
-108.751651,200,173.579677
8.199842,7,173.694354
9.252988,3,173.769345
8.850676,4,173.854762
-87.920717,200,176.642752
-96.682924,200,179.217093
8.467243,5,179.310782
8.891813,3,179.379679
9.316881,2,179.437359
-133.410782,200,181.92768
-112.942657,200,184.293981
-39.180774,105,185.452366
-116.083428,200,187.637254
-149.145916,200,190.04269
-33.419582,99,191.210359
-133.093414,200,193.65917
-118.030942,200,195.96575
-116.150211,200,198.919251
-114.842801,200,201.604137
9.145736,3,201.681495
-183.801399,200,204.321657
-130.409735,200,206.82227
-71.97363,181,208.844257
8.611132,6,208.938233
-132.827337,200,211.096968
7.626144,7,211.20231
-94.532316,200,213.405116
-121.094863,200,215.64052
-98.682145,200,217.815446
-124.079321,200,220.023507
-9.86302,41,220.491934
-42.705499,95,221.545301
-165.821478,200,223.75047
-113.973402,200,226.172233
-101.432165,200,228.362347
-35.369043,100,229.49269
-130.028476,200,231.661154
-82.107726,200,233.847848
-118.113856,200,236.378612
-56.395896,149,238.069893
-126.581826,200,240.415483
-128.143625,200,242.714451
-112.070986,200,245.084199
9.469666,2,245.139207
-35.71356,95,246.330242
-111.613214,200,248.772419
-133.205119,200,251.103901
-130.986907,200,253.812219
-103.904291,200,256.568436
-107.512458,200,259.513061
-116.826796,200,261.759252
-85.949861,190,263.919938
-112.154722,200,267.279408
-110.164573,200,269.997539
-141.281929,200,272.425419
-109.22565,200,274.959719
-104.751075,200,277.124264
-102.32206,200,279.454349
-140.351544,200,281.661393
-116.365891,200,283.896967
-117.434313,200,286.066577
-140.090102,200,288.311718
-106.42873,200,291.119973
-126.614086,200,294.008634
-123.270274,200,296.713908
-107.965698,200,299.504959
-163.379069,200,302.387712
6.265297,12,302.661037
-108.372662,200,305.120669
-166.462202,200,307.59341
-102.073006,200,310.163642
-57.5994,144,311.903651
-142.503415,200,314.228685
-102.639995,200,316.578491
-124.377765,200,318.811151
-143.81813,200,321.398928
-21.594055,50,321.999252
-144.930173,200,325.298837
-110.606107,200,327.576836
-114.812327,200,330.254704
9.272315,2,330.313081
-103.207239,200,332.906825
-121.000208,200,335.440257
-103.773412,200,337.868715
-80.247932,200,340.313593
-118.451215,200,342.986605
-154.276834,200,345.327467
-153.149748,200,347.964425
-130.305651,200,351.414474
-86.591065,200,355.422296
-102.957453,200,359.129606
-126.013631,200,363.135396
-168.485963,200,367.067149
5.8471,13,367.354755
-112.770868,200,370.796939
-162.2571,200,374.320863
-99.351219,200,378.142905
-149.804209,200,382.481607
-2.9136,27,382.991051
-126.42105,200,386.648036
-118.22353,200,390.201959
-117.964792,200,395.94652
-121.286809,200,401.325499
9.270263,4,401.568834
-108.653892,200,407.048268
-121.393715,200,412.701168
-119.668446,200,416.200652
9.250721,2,416.287571
-93.006717,200,419.701175
-134.946668,200,423.780286
-135.823313,200,427.065909
-107.180862,200,430.596168
-2.798484,34,431.171698
-128.546556,200,436.030475
8.857834,3,436.145375
-102.698736,200,440.600817
-79.625523,200,444.164747
-108.707348,200,447.789901
-39.003131,115,449.974957
-146.519132,200,453.571048
5.371144,15,453.911268
-143.183659,200,457.339078
-88.667656,200,461.011802
-104.027515,200,464.583368
-108.209377,200,468.137554
-148.436461,200,471.526111
-121.216918,200,474.994828
-99.104414,200,479.39364
-120.997897,200,483.204038
-0.271914,21,483.734729
-131.054256,200,487.312091
-111.610951,200,490.937866
9.270369,2,491.015362
-98.699559,200,494.567838
-140.690602,200,498.154004
-108.64101,200,501.564543
-23.766001,58,502.602416
-108.919528,200,506.038934
-146.88555,200,509.333567
-89.450016,200,512.704618
-107.009395,200,516.199469
-129.607496,200,520.385661
-126.188103,200,524.398819
-67.604453,182,527.640707
-109.20646,200,530.962294
-105.341005,200,535.118037
-125.917511,200,538.635442
3.771313,15,538.96312
-82.497119,200,542.871081
-6.936859,38,543.556146
-83.231261,200,547.229892
-152.131255,200,551.013644
-126.060973,200,554.766485
1.166576,22,555.166164
-125.037437,200,558.681165
-101.165842,200,562.599713
-116.59505,200,572.777723
-156.354534,200,577.000806
-95.474038,200,581.248657
-102.977408,200,586.268048
-96.390344,200,592.935097
-108.152342,200,600.794936
-108.092241,200,606.024845
-143.119626,200,609.583305
-110.417377,200,612.938026
-108.954818,200,616.635717
6.346887,11,616.879127
5.431291,11,617.127089
-89.217417,200,620.746101
-88.142342,200,624.718133
-28.800774,86,626.968656
-86.232975,200,634.396081
-148.101877,200,638.525862
-128.434419,200,643.113551
-140.068535,200,648.865441
-30.943548,92,650.533608
-95.871976,200,654.138488
-65.275859,138,656.566544
-155.977974,200,660.14604
-86.826182,200,664.774677
-17.974014,73,666.161405
-140.729247,200,670.092096
9.321937,2,670.172825
-155.314895,200,673.869062
-103.653549,200,677.253018
-79.005482,200,680.994423
8.701746,4,681.099341
-92.324607,200,685.990091
-81.958979,200,689.743828
-114.436794,200,693.343619
-112.797081,200,696.805764
-134.233311,200,700.247342
-104.299148,200,703.609865
-101.281287,200,707.235439
-123.156317,200,713.087349
-107.234857,200,717.094351
2.708655,21,717.56757
-116.888196,200,722.35441
-99.594733,200,727.506385
-68.270993,185,732.449358
-105.689753,200,738.570407
-95.230395,200,742.858243
-104.06553,200,747.234247
-104.452844,200,751.581829
-50.369062,135,754.086704
-127.199022,200,760.665942
-128.133081,200,764.806789
-100.849784,200,768.621668
-152.605023,200,772.532817
-137.193417,200,776.118158
-77.661124,200,779.810966
-132.61752,200,784.100329
-166.148407,200,787.774201
-123.588135,200,791.714991
-108.694807,200,795.765988
6.467611,13,796.095448
-151.947381,200,800.177009
-97.507113,200,803.900866
-111.239101,200,807.677169
-134.973228,200,811.356688
-85.366948,200,814.897857
-96.532298,188,818.375967
-134.667476,200,821.843696
-97.467525,200,825.294122
8.43417,5,825.428511
-153.587303,200,830.333464
-106.550919,200,834.13256
-129.272623,200,837.952054
-146.948392,200,841.858611
-119.57074,200,845.697811
-33.356032,92,847.459903
-117.859413,200,851.138817
-130.594119,200,854.814844
-150.627324,200,858.341034
-101.507116,200,862.428172
-50.904903,126,864.683998
-99.448939,200,868.553577
-123.518698,200,872.321256
4.244708,18,872.695716
-77.566934,144,875.517215
-123.609945,200,879.924163
-87.581134,200,883.398836
-89.743121,200,890.025213
-134.189487,200,896.691378
-106.697618,200,901.392941
-13.524418,50,902.505201
-135.47962,200,906.193267
-194.110434,200,909.86454
4.941136,15,910.167002
-166.317706,200,913.537894
-138.520119,200,916.90931
-138.369485,200,920.288175
-125.370523,200,924.647595
-55.089953,130,927.587778
-102.811071,200,931.477053
-137.017816,200,935.187161
-112.580833,200,938.460743
-137.324837,200,942.370156
-89.75933,200,946.58555
-138.501178,200,950.138052
-103.918232,200,1040.101677
-155.067983,200,1050.749208
9.211937,3,1050.959256
-170.75492,200,1056.896975
-114.210649,200,1062.329787
-148.631064,200,1068.305298
9.388754,2,1068.419014
6.88418,9,1068.715342
7.469213,7,1068.954424
-146.947254,200,1073.737054
-112.130761,200,1078.555558
-132.355887,200,1083.130064
-92.499073,200,1105.982377
-156.540721,200,1109.312199
-112.749728,200,1113.429488
-96.567627,200,1122.7788
-117.48636,200,1126.986358
-105.594201,200,1132.401814
-140.946457,200,1137.345983
-142.936872,200,1142.255566
-35.149791,107,1145.291973
1.199624,21,1145.875101
-110.874733,200,1156.966118
-97.004892,200,1165.638205
3.966569,15,1166.211942
-170.686592,200,1169.834481
-39.322481,107,1171.652041
-99.67786,200,1175.30657
8.151599,5,1175.438184
7.2601,8,1175.625871
-115.903204,200,1179.195214
-117.49099,200,1182.520252
-95.609748,200,1186.453961
-86.051319,200,4804.799374
-125.141046,200,4828.197775
-96.714642,200,4837.572559
-120.974937,200,4846.713036
-131.490041,200,4900.848582
-103.162757,200,4908.314281
-126.563107,200,4913.596906
-96.653902,200,4918.835769
-111.711432,200,4923.553278
-88.954073,200,4929.473904
-166.239477,200,4934.122573
-112.163472,200,4937.394157
-93.8704,200,4939.809416
-99.295609,200,4942.156759
-99.537687,200,4944.443454
-113.406339,200,4946.780928
-98.212162,200,4949.073804
-94.895298,200,4952.027122
-109.11389,200,4954.511457
-4.669149,36,4954.931913
-123.028022,200,4957.24837
9.400369,3,4957.318183
-106.226918,200,4959.55286
-144.637165,200,4961.75285
-116.797342,200,4964.258517
-74.892468,200,4967.562912
-91.026119,200,4970.829223
-178.538371,200,4975.285136
-103.160626,200,4978.811358
-100.84016,200,4981.916195
-129.429956,200,4985.900148
9.569398,3,4986.012398
-78.875439,172,4988.825317
-99.697518,200,4991.978373
-153.764141,200,4994.588024
-97.200166,200,4997.145298
6.610019,10,4997.374813
-132.033243,200,4999.838317
-5.529709,33,5000.267567
6.527587,10,5000.410001
-114.145804,200,5003.321214
-134.798035,200,5006.054879
-157.856267,200,5009.333828
-57.083446,135,5011.30044
-120.91302,200,5014.44155
-136.819669,200,5017.761397
-85.156664,200,5021.097721
-23.795697,75,5022.337853
-96.288003,200,5025.415432
-119.698315,200,5029.934656
-105.454163,200,5034.377775
-108.474707,200,5039.73768
-100.013965,200,5049.859431
-124.067038,200,5062.095007
-157.141317,200,5069.767479
-117.636306,200,5075.440716
-109.374145,200,5080.455048
-121.511307,200,5085.534523
-124.706196,200,5090.556393
-116.521547,200,5095.099735
-120.151026,200,5100.240586
-114.957024,200,5106.343811
-3.452713,43,5107.556302
-96.235072,200,5112.65164
-86.246129,200,5121.657186
-123.98874,200,5129.077904
-116.191005,200,5134.529129
-58.049406,156,5138.667536
-95.083382,200,5144.064886
-101.926853,200,5149.310727
-135.299679,200,5155.095416
-48.68674,92,5157.383358
-128.311768,200,5163.494383
-111.394553,200,5172.480648
-116.833797,200,5177.952642
7.801424,8,5178.215974
2.269558,18,5178.696571
-162.83583,200,5183.910728
-128.082187,200,5189.074913
-108.798818,200,5194.163258
-121.733874,200,5199.323659
9.383544,3,5199.475325
-113.695417,200,5204.824551
-73.449039,134,5208.355872
-126.229726,200,5213.850832
-129.948224,200,5219.744502
-124.815829,200,5225.768688
-29.949721,85,5228.581562
-108.398568,200,5234.490305
2.207845,22,5235.28774
-121.804205,200,5239.122911
-105.309744,200,5242.915609
-3.405383,37,5243.882128
-133.806897,200,5247.351776
1.732265,21,5247.789416
-145.076888,200,5251.216349
9.235681,2,5251.31966
-103.853466,200,5255.157875
-99.755174,200,5258.116938
-111.674885,200,5261.589735
6.280893,10,5261.81888
-112.71291,200,5265.023346
-110.243048,200,5267.811436
-103.469207,200,5274.543088
-90.2763,200,5281.233323
-84.597827,200,5290.039782
-102.286945,200,5295.979527
5.020972,14,5296.194771
4.737087,15,5296.395682
-96.994054,200,5299.379051
-110.422778,200,5302.206379
-124.235389,200,5304.692309
-126.016409,200,5307.168396
-108.817268,200,5309.486531
-125.121736,200,5311.815819
-108.8924,200,5314.116117
-109.434445,200,5316.964871
-104.777743,200,5319.796363
6.606001,11,5319.969246
-11.551583,50,5320.665248
-92.495323,200,5323.255021
-99.467675,200,5325.645997
5.888688,13,5325.842885
-111.427293,200,5328.330804
4.575253,15,5328.638882
-102.095289,200,5331.896899
-132.093761,200,5334.580379
-113.448906,200,5338.182958
-123.796416,200,5341.618978
-120.535751,200,5344.320845
-127.91269,200,5346.592265
-20.130491,70,5347.370315
-151.950024,200,5349.588237
6.409064,10,5349.753186
-111.272031,200,5352.34412
-104.156545,200,5354.697623
-102.051102,200,5357.161016
-125.065023,200,5359.509383
-5.71946,38,5359.945832
-125.539471,200,5362.139196
7.405439,7,5362.270995
-116.520509,200,5364.581559
-99.492826,200,5366.716374
-92.746227,200,5369.166261
-97.793281,200,5371.387142
-100.533556,200,5374.003121
-44.817512,100,5375.152698
-137.281596,200,5377.480067
-93.026372,200,5379.82301
-110.243358,200,5382.172933
-9.589503,53,5382.811893
-106.99068,200,5384.938723
-133.250662,200,5387.369402
-161.614207,200,5390.623136
6.928194,12,5390.86914
3.335654,16,5391.174543
-104.555167,200,5395.076108
-99.621703,200,5398.52987
-100.020335,200,5402.999681
-135.438204,200,5405.948403
-110.274023,200,5408.655926
-113.05139,200,5410.753639
-146.332316,200,5413.127007
-142.156568,200,5415.308469
6.532414,13,5415.539655
-94.828362,200,5418.010447
-102.896091,200,5420.134446
-52.664043,152,5421.85218
-114.946436,200,5424.456752
-121.949771,200,5427.286666
-85.864776,200,5429.768836
-155.438232,200,5433.720401
-144.181772,200,5436.146994
-124.5963,200,5438.575515
-0.150291,24,5438.899375
-90.505009,200,5441.432545
1.24278,23,5441.763153
-112.022516,200,5444.138644
-88.109629,200,5446.647165
-88.357427,200,5448.99497
-104.367335,200,5451.360324
-91.717012,200,5454.080428
-97.528538,200,5456.689567
-115.875217,200,5459.103979
-90.62695,200,5461.434889
-95.944643,159,5463.311085
-112.187213,200,5465.916828
-113.238863,200,5468.47087
-171.855752,200,5471.179442
-86.217301,200,5473.72359
3.278569,19,5473.988822
-118.469164,200,5476.614067
-111.918985,200,5479.193961
-133.319662,200,5481.560402
-97.48278,200,5484.318885
-122.985876,200,5486.98496
-127.332983,200,5489.362011
-74.810934,164,5491.382197
-117.932997,200,5493.981657
-115.598321,200,5496.306536
-118.950786,200,5498.735652
-93.541438,200,5501.555996
-96.671658,200,5504.106027
-97.443328,200,5506.546776
-28.626499,81,5507.686832
-111.125423,200,5510.261012
-108.719193,200,5512.743538
-81.784649,200,5515.577
-99.755015,200,5517.98185
-114.369869,200,5520.266069
-112.782905,200,5523.44924
-137.733874,200,5526.396014
-102.276937,200,5529.05928
-103.188744,200,5531.864472
-54.594782,126,5533.307193
-168.584221,200,5536.342764
-139.789368,200,5540.241748
-115.115863,200,5542.938835
2.706413,20,5543.215612
-173.356138,200,5546.123544
-122.428185,200,5548.462566
-91.702315,200,5551.06566
-96.743844,200,5553.821621
-116.787071,200,5557.521985
-137.57952,200,5562.216607
-5.22222,46,5563.858686
-110.537614,200,5569.99388
-141.35002,200,5576.126684
-127.54122,200,5580.493985
-7.997258,36,5581.349285
-106.737094,200,5584.763031
-91.443015,200,5587.240199
-124.14473,200,5589.780875
-120.816395,200,5592.519631
-94.930049,200,5595.74116
-99.854704,200,5599.794647
-119.399069,200,5608.590182
-183.507272,200,5615.670338
-90.548601,200,5621.513315
-87.097409,200,5627.331107
-92.87642,200,5631.990976
-86.97641,167,5635.399967
-154.41686,200,5638.962457
-81.903425,200,5642.749023
-102.917156,200,5646.314869
-111.710127,200,5650.369646
-122.942213,200,5654.135404
-90.464289,200,5657.151166
-100.316775,200,5660.488328
2.289741,20,5660.913497
-158.874502,200,5667.288454
-108.032281,200,5670.992765
-156.058561,200,5673.763148
-97.211936,200,5677.545747
-108.426495,200,5682.035745
-84.501842,200,5685.91052
-102.905591,200,5688.722581
-130.299181,200,5691.639649
-121.514905,200,5694.812275
-101.824586,200,5698.853237
-1.491636,27,5699.406276
-112.605645,200,5701.908007
-120.896076,200,5704.441865
-120.945331,200,5707.025162
-118.791796,200,5709.777602
9.482789,3,5709.849398
-93.021368,200,5712.27533
-94.265413,200,5714.617746
-23.735392,68,5715.474301
-129.956151,200,5717.729925
-115.076465,200,5720.159296
-115.496364,200,5722.592988
-86.327198,200,5724.823702
-117.147798,200,5727.265488
-85.33803,200,5729.518726
-93.775568,200,5731.652052
-96.041384,200,5734.195016
-119.171767,200,5736.458085
-102.363362,200,5738.981684
-111.624569,200,5741.521696
-161.462967,200,5743.812856
-127.311575,200,5746.350674
-113.142794,200,5748.784879
-113.097338,200,5751.185859
-148.306748,200,5753.784873
-101.103879,200,5756.275536
-94.36853,200,5758.958547
-117.198777,200,5761.359349
-116.931053,200,5763.685976
-112.900647,200,5766.135503
-109.764945,200,5768.582223
-112.916723,200,5771.136395
-124.25717,200,5773.667807
-26.23575,67,5774.533888
-84.479881,200,5776.881319
-56.352572,150,5778.786072
-19.537609,53,5779.447667
-100.654141,200,5781.717874
-91.152327,200,5784.519165
-149.885526,200,5786.883253
-101.234188,200,5789.565872
-119.870416,200,5791.871727
-98.206791,200,5794.288148
-14.280634,52,5795.082095
-88.772532,200,5797.751482
-122.586406,200,5800.584307
-88.86886,200,5803.069235
-90.080659,200,5805.29066
-113.162375,200,5807.765246
-145.614953,200,5811.557142
-113.272611,200,5814.179281
-203.824264,200,5816.768741
-99.831246,200,5819.727654
-127.01526,200,5822.460251
-84.815285,200,5825.15786
-119.299413,200,5827.959663
9.353291,2,5828.023664
-171.31637,200,5830.545607
-118.387603,200,5833.14917
-171.641481,200,5836.082332
-70.699324,158,5843.769784
-109.332517,200,5849.208354
-119.739077,200,5852.258568
-110.507668,200,5855.711889
-137.56091,200,5858.89051
-107.105107,200,5870.18197
-11.852525,45,5871.766363
-100.296958,200,5877.24818
-99.489555,200,5880.97152
-100.403817,200,5887.311287
-113.390889,200,5891.002528
7.992824,6,5891.162217
-166.815617,200,5894.072451
-104.497196,200,5897.346983
-136.807655,200,5900.763476
-108.012768,200,5903.751812
-144.953866,200,5907.517271
-141.228321,200,5910.547018
-68.371698,200,5917.281022
-2.152871,30,5918.407237
-126.364348,200,5924.359011
-140.956528,200,5930.445318
-76.597336,180,5935.176434
-167.515386,200,5940.66651
-4.890855,34,5941.739362
-120.903505,200,5948.611329
-153.392098,200,5953.960868
-107.249582,200,5959.503631
-103.926941,200,5965.944072
-22.582003,70,5967.948193
-119.531917,200,5973.110975
-122.526579,200,5979.328662
-127.898125,200,5984.80114
-126.91825,200,5990.500703
-141.160943,200,5996.734291
-105.979226,200,6002.236578
-126.098245,200,6009.245458
-126.428535,200,6014.606718
-115.500395,200,6020.225703
-5.426113,41,6022.585554
-107.65409,200,6028.194082
-92.264923,200,6033.430145
-126.9716,200,6039.540521
-87.693243,200,6051.06919
-108.94611,200,6059.053326
-147.171828,200,6064.950333
-11.990609,50,6066.493361
-106.113605,200,6072.56245
-75.805138,137,6076.250888
-129.492748,200,6081.546167
-125.070724,200,6087.66755
-124.6257,200,6093.157669
-107.872494,200,6100.268776
-11.978931,56,6102.02315
-100.490901,200,6107.491542
-144.275198,200,6114.469508
-92.248709,200,6119.960264
-142.964159,200,6125.395179
-89.09511,185,6131.600752
-123.681268,200,6163.163467
-83.241471,200,6178.029143
-109.624204,200,6189.56078
7.496701,7,6190.091059
-92.705991,200,6203.433899
-103.407373,200,6215.370202
-97.393341,200,6218.786248
-133.395153,200,6224.479487
-120.137447,200,6233.31328
7.18188,9,6234.163256
-99.247802,200,6239.677015
-90.874455,200,6244.928412
-115.012281,200,6249.660651
-130.280922,200,6253.636654
-148.283019,200,6259.183655
-116.666295,200,6262.216217
-174.167418,200,6267.276346
5.949568,13,6267.520792
-57.274544,119,6269.765618
-111.505585,200,6272.848052
-135.766812,200,6276.492718
-170.161082,200,6280.940379
-128.580899,200,6285.305302
-104.399767,200,6289.563209
-113.036199,200,6293.508849
-129.026089,200,6297.591171
-109.817774,200,6301.812708
-116.945403,200,6304.492919
-99.071741,200,6308.298473
-108.18965,200,6312.60487
-127.091145,200,6315.909052
-140.338847,200,6320.122151
-162.545863,200,6323.813691
-138.377156,200,6327.091005
-120.512432,200,6330.856106
-91.910163,200,6335.709488
-101.505619,200,6338.802202
-13.356515,45,6339.619304
-117.154312,200,6344.321147
-93.083937,200,6348.567234
-98.196659,200,6351.229335
-124.5062,200,6354.930305
-40.600319,115,6357.255318
-95.163769,200,6361.577408
-122.957051,200,6365.146865
-103.29157,200,6367.838445
-106.782025,200,6370.484258
-102.698686,200,6374.009469
-110.334696,200,6378.945714
-106.259476,200,6383.43816
-121.758553,200,6387.209064
-107.577411,200,6390.171303
-49.452142,129,6392.429456
-115.630759,200,6395.40918
-137.008409,200,6398.278955
-130.939717,200,6401.230705
-104.942263,200,6404.115174
-116.509066,200,6407.30052
-112.341157,200,6410.430706
-112.529537,200,6413.408176
-138.262626,200,6416.407887
3.053909,17,6416.654023
-90.798194,200,6420.820101
-142.493551,200,6424.858243
-96.406992,200,6429.093627
-109.323305,200,6432.567132
-104.486961,200,6437.580652
-114.789034,200,6441.654238
-134.853722,200,6445.286566
-53.059843,146,6448.986768
-120.66329,200,6452.429309
-45.487301,97,6454.367564
-103.644311,200,6457.233863
-122.116873,200,6460.641792
-102.455168,200,6463.713135
-94.037762,200,6466.316302
6.911474,12,6466.507418
-100.267016,200,6469.728543
5.327665,13,6469.918803
-124.241128,200,6472.823161
-11.098558,47,6474.151228
-126.684427,200,6479.75844
-82.588614,200,6483.28622
-128.278846,200,6487.395447
-122.172632,200,6490.23723
-101.46131,200,6495.176899
-106.046379,200,6499.557176
-95.278,200,6502.453249
-93.135284,200,6505.880987
-97.491621,200,6510.861628
-121.468692,200,6515.553653
-14.179409,52,6516.362781
-141.482198,200,6520.277998
-98.578619,200,6525.270737
-105.972378,200,6530.213553
-152.655905,200,6534.722888
4.000055,18,6535.139735
-27.512025,99,6537.954475
-118.270868,200,6542.611199
-123.682589,200,6548.620658
-112.80891,200,6552.773117
-111.189758,200,6558.657517
-110.490874,200,6563.122758
-110.823818,200,6570.031533
-121.749843,200,6574.319707
-107.572209,200,6578.050182
-161.131909,200,6580.311959
-132.028746,200,6583.309072
-107.929536,200,6586.40303
-95.666657,200,6588.973702
-55.177585,102,6590.56117
-165.716098,200,6593.129599
-121.769812,200,6595.699248
-83.107537,200,6598.79313
-132.353575,200,6601.59228
-13.863066,79,6602.974095
-109.469126,200,6607.3899
-105.942573,200,6609.795685
-117.431043,200,6612.720604
-170.631049,200,6615.600735
-103.862721,200,6618.36972
-111.620676,200,6621.910325
-97.869388,200,6626.080496
-105.529553,200,6633.485694
-133.04848,200,6636.115342
-108.715181,200,6639.100662
-141.403457,200,6649.824864
6.62566,12,6650.131252
-117.470864,200,6655.256727
-150.456646,200,6661.66192
-127.197109,200,6664.870084
-137.706812,200,6667.938674
-23.087149,54,6668.666502
-150.109301,200,6671.456442
-106.234591,200,6675.076436
-107.466703,200,6678.392014
-86.415982,200,6681.372717
-101.831885,200,6684.54837
-108.208058,200,6686.762497
-132.534514,200,6688.96394
-116.196661,200,6692.720265
-117.201085,200,6695.952003
-129.475492,200,6698.761313
-85.899311,200,6701.355968
-101.806308,200,6704.081807
-114.000155,200,6706.536549
-112.850901,200,6708.835147
-119.216092,200,6711.270372
-93.122691,200,6713.684932
-131.874511,200,6716.238135
-109.096745,200,6718.744653
-37.637928,102,6720.329727
-109.986565,200,6722.960071
-109.545041,200,6725.678531
-101.338543,200,6728.606116
-125.279034,200,6731.31394
-110.79743,200,6733.769426
-106.326503,200,6736.290331
-122.753316,200,6738.926649
-82.590887,153,6740.857127
-54.598208,119,6742.445257
-105.454959,200,6744.866061
-94.912504,200,6747.193308
-8.023264,45,6747.77016
-90.636548,200,6750.315858
-119.588951,200,6753.23857
-101.022295,200,6756.068509
-96.463235,200,6758.453161
9.228997,2,6758.529733
-108.64101,200,6761.193393
-102.749503,200,6763.51673
-119.558412,200,6766.160998
-124.034203,200,6769.21709
-93.986723,200,6771.493612
-119.355478,200,6773.6503
-116.78738,200,6776.598656
-124.696215,200,6779.12287
-100.231521,200,6782.288159
-27.828263,63,6783.205706
-110.241396,200,6785.85121
-101.051397,200,6788.555397
-115.462006,200,6791.329629
-142.55706,200,6794.212473
-92.582554,200,6796.921224
-125.993872,200,6799.742142
-112.651023,200,6802.235666
-126.78566,200,6804.849666
-113.050816,200,6807.895015
-84.368205,200,6810.50934
-105.048874,200,6812.968099
-134.783641,200,6815.339279
-128.888061,200,6817.73616
-91.737893,200,6819.974488
-94.895722,200,6822.515253
-116.601838,200,6824.907509
-86.692809,179,6826.924959
-110.424657,200,6829.181388
-98.360964,200,6831.403148
-129.979883,200,6833.526739
-161.565287,200,6835.897803
-99.18453,200,6838.22364
-121.213149,200,6840.573091
-88.928338,200,6842.829502
-103.509694,200,6845.3573
-36.146028,82,6846.923097
-126.722646,200,6850.281483
-113.8044,200,6853.204154
-117.246874,200,6855.903159
-98.877104,200,6858.615107
-126.135925,200,6861.383812
-111.33173,200,6864.180989
-114.9622,200,6867.198443
-116.025129,200,6870.286272
-92.79477,200,6874.142233
-1.865918,32,6874.625511
-106.735098,200,6877.595978
-110.436903,200,6880.162159
-118.21559,200,6883.42385
-99.666008,200,6886.228338
-91.790708,200,6889.216641
-90.779971,187,6891.536606
-109.445371,200,6893.868578
-98.972426,200,6896.480861
-119.215136,200,6899.01978
-96.438791,200,6902.034701
3.745211,17,6902.260703
-22.734173,88,6903.323852
-122.83135,200,6906.245412
-106.720968,200,6908.644009
-100.085923,200,6911.147534
-113.852602,200,6913.562979
-95.100358,200,6915.820348
9.234889,2,6915.876342
-111.946462,200,6918.113032
-123.109111,200,6920.410145
-100.816574,200,6922.668044
-129.477787,200,6924.972119
-118.404527,200,6927.21834
0.292365,25,6927.542376
-95.63409,200,6929.822543
-106.427897,200,6932.178901
9.037473,4,6932.254668
-94.588078,200,6934.695116
-143.035914,200,6936.923483
-107.826125,200,6939.054213
-112.409945,200,6941.601235
-113.85774,200,6943.930702
-107.381855,200,6946.073663
-154.215455,200,6948.319845
-101.875294,200,6950.680359
-118.70343,200,6952.897648
-85.902403,200,6955.155185
-126.163534,200,6957.534277
-168.310592,200,6959.823124
2.42092,21,6960.08628
-106.122114,200,6962.393621
-115.93017,200,6964.877997
-156.547303,200,6967.289296
-118.013916,200,6969.645935
-126.271587,200,6971.996972
-170.018111,200,6974.302311
-112.425602,200,6976.450324
-80.11857,200,6978.831017
-138.372564,200,6981.210268
-95.994734,200,6983.556077
-93.566373,200,6985.817355
-93.981484,200,6988.037214
-122.088557,200,6990.400374
-102.567441,200,6992.645895
-95.841363,200,6995.077979
-30.47711,107,6996.286392
-83.430181,200,6998.613269
-133.540441,200,7000.900545
-109.395811,200,7003.124755
-141.363367,200,7005.523689
-100.325722,200,7007.878853
-190.526628,200,7010.317739
-24.040089,71,7011.153414
-97.36045,200,7013.614659
-90.50544,200,7016.060241
-123.300363,200,7018.281847
-140.829749,200,7020.730506
-136.816342,200,7023.055199
-140.630116,200,7025.474089
-106.520839,200,7028.083651
-132.026791,200,7030.338555
9.203027,2,7030.39265
-114.789055,200,7032.707493
-100.152654,200,7035.053042
-118.585754,200,7037.424092
-133.282805,200,7039.782861
-109.586728,200,7042.011905
-102.978012,200,7044.14593
-110.492159,200,7046.483775
-99.7225,200,7048.852967
-112.738331,200,7051.209187
-110.581664,200,7053.677753
-155.526683,200,7056.014752
-115.348257,200,7058.263928
-91.693689,200,7060.770888
-111.133913,200,7063.154343
-46.675211,93,7064.292632
-44.190156,109,7065.498601
-84.026325,200,7067.618661
-104.925546,200,7070.003641
-122.168173,200,7072.346692
-96.678544,200,7074.618874
-97.678427,200,7077.07478
-115.897076,200,7079.431416
1.616521,21,7079.682281
-127.392069,200,7081.948512
-109.063975,200,7084.384463
-92.457554,200,7086.732669
-131.122982,200,7088.89706
-99.717475,200,7091.118167
-133.894952,200,7093.494896
-97.991117,200,7095.714323
-134.892269,200,7097.946057
-132.714464,200,7100.076352
-126.660871,200,7102.505379
-80.944588,200,7104.754046
-136.490365,200,7107.13404
-130.042788,200,7109.369585
-112.068189,200,7111.656062
-97.894338,200,7114.074944
-98.613241,200,7116.431072
-0.401509,21,7116.691972
-17.403096,66,7117.516323
-97.48816,200,7119.951532
-96.924183,200,7122.32784
-119.799955,200,7124.571016
-124.164612,200,7126.919676
-140.330124,200,7129.261605
-118.841614,200,7131.607395
-99.175606,200,7133.861853
-119.157225,200,7136.381032
-92.163381,200,7138.624978
-106.460862,200,7140.974314
-88.919523,200,7143.332837
-1.379532,27,7143.68018
-107.785558,200,7146.031063
-103.104545,200,7148.584769
-103.946512,200,7150.911064
-117.895878,200,7153.168536
-88.714299,200,7155.414388
-119.021926,200,7157.680402
-99.103445,200,7159.915893
-97.575965,200,7162.411964
-106.561538,200,7164.652205
-107.483438,200,7166.919511
-174.071643,200,7169.37335
-98.97997,200,7171.563949
-128.103047,200,7173.816223
6.952772,11,7173.990422
-106.679084,200,7176.222129
-101.224417,200,7178.332392
-89.581036,200,7180.731442
-166.498849,200,7183.072011
-120.477763,200,7185.45314
-119.274464,200,7187.575111
-131.686767,200,7189.820961
-98.631798,200,7192.147273
-117.815701,200,7194.502627
-86.103141,200,7196.709667
-104.398401,200,7199.077251
-102.138731,200,7201.324931
-114.45593,200,7210.455634
-84.707948,200,7215.948438
6.934321,8,7216.164298
-112.757505,200,7221.150164
-95.224661,200,7229.768898
8.023229,7,7229.900767
-2.966853,27,7230.254411
-107.987326,200,7232.747797
-105.10599,200,7235.831994
-102.713551,200,7238.227728
-159.214181,200,7240.555059
-137.406817,200,7243.206758
9.306196,3,7243.270227
-13.843875,60,7244.034808
-72.971829,200,7246.484609
-101.129172,200,7248.820882
-93.305053,200,7251.255541
-139.58532,200,7253.714025
-104.20376,200,7256.171224
5.315945,13,7256.362691
-98.289768,200,7258.805042
-71.263888,200,7261.158742
-28.134487,95,7262.363424
-24.058365,67,7263.276855
-98.106958,200,7266.237328
-154.843376,200,7268.805683
-92.278256,200,7271.267054
-116.058777,200,7273.931509
-111.990055,200,7276.248529
-0.730826,26,7276.603003
-8.014643,39,7277.106402
-87.203975,200,7279.630923
-7.676568,42,7280.172221
-131.929412,200,7282.87673
-79.205399,200,7285.338548
-115.979996,200,7287.790885
-124.303834,200,7290.165801
-112.8845,200,7292.756412
5.685239,11,7292.92921
4.405776,15,7293.184626
-9.772332,56,7294.150241
-94.699468,200,7296.579405
-91.664604,200,7298.929888
-117.548479,200,7301.431887
-108.185037,200,7303.811186
-31.051957,79,7304.821608
-109.394164,200,7307.259512
-106.137035,200,7309.646203
-110.808416,200,7311.850353
-88.783464,200,7314.533976
-146.523756,200,7317.138969
-115.778667,200,7319.608837
0.876041,23,7319.906952
-110.330924,200,7322.330413
-30.017277,78,7323.380473
-105.009833,200,7326.635969
-19.124383,77,7327.64907
-119.383181,200,7330.08876
-106.911276,200,7332.494721
-98.496468,200,7334.941779
1.814214,25,7335.261422
-127.32692,200,7337.578634
-125.17229,200,7340.126385
-94.321675,200,7342.780316
-100.687082,200,7345.12713
-99.135581,200,7347.628833
2.340713,19,7347.881173
-100.511662,200,7350.21718
-132.461521,200,7352.869007
-121.143698,200,7355.647881
-120.076018,200,7357.981686
-94.758216,200,7360.491506
-102.759717,200,7363.070215
-99.826225,200,7365.658292
3.918558,14,7365.88149
-126.70893,200,7368.292182
-125.402153,200,7370.588432
-116.897615,200,7373.050405
-123.709134,200,7375.515952
-90.358746,200,7377.85635
-118.126525,200,7380.469047
-81.200623,200,7382.932262
-144.149226,200,7385.52835
-94.406879,200,7387.737179
-104.376922,200,7390.092857
-52.004543,105,7391.420006
-17.946393,63,7392.21568
-103.819445,200,7394.654632
-106.310294,200,7397.119608
-153.228243,200,7399.578387
-129.409884,200,7402.050498
-120.577316,200,7404.458871
-126.57321,200,7406.748206
8.182288,5,7406.847741
-139.404973,200,7409.062825
-158.171715,200,7411.519812
-98.6079,200,7414.342959
-114.350003,200,7416.76775
-133.561688,200,7419.112891
-113.189409,200,7421.603379
-98.65232,200,7423.971336
-199.861486,200,7426.438112
-100.918195,200,7428.854352
-130.30031,200,7431.336665
-147.073716,200,7433.797005
-106.50189,200,7436.158117
9.402111,3,7436.238528
-109.885251,200,7438.825492
9.606117,2,7438.879364
-134.751135,200,7441.335021
-1.484323,31,7441.729861
-79.777845,200,7444.18114
-107.820409,200,7446.521386
-104.425786,200,7448.892142
-95.224786,200,7451.364686
-10.193282,39,7451.854113
-167.088428,200,7454.521283
-153.553674,200,7456.913131
-27.150776,74,7457.856323
-117.16731,200,7460.242238
-126.144032,200,7462.668101
-106.483763,200,7465.006205
-137.910635,200,7467.523867
-110.606617,200,7469.868302
-118.666365,200,7472.409366
-117.763999,200,7475.683954
-105.519047,200,7478.048885
-137.196928,200,7480.302433
-127.699952,200,7483.134338
-94.236503,200,7485.55962
-113.412958,200,7487.98928
-92.926138,200,7490.343429
-8.283664,49,7490.949404
-83.495873,200,7493.245899
-115.320399,200,7495.750606
-104.762506,200,7498.269849
-105.265607,200,7500.742299
-12.958236,46,7501.320372
-135.339807,200,7503.983082
-121.503688,200,7506.967146
-125.807892,200,7509.501605
-142.081742,200,7511.808758
-28.954508,77,7512.910941
-86.700418,200,7515.369577
-86.980545,200,7518.019147
-107.555706,200,7520.378421
-130.47261,200,7522.854208
-131.458092,200,7525.326781
-110.5952,200,7527.734275
-89.775605,200,7530.185054
-100.802062,200,7532.680072
-97.765615,200,7535.284089
-98.791429,200,7537.740135
-112.795957,200,7540.16919
-122.920439,200,7542.539955
-109.075398,200,7544.873118
-96.153762,200,7547.194129
6.002169,12,7547.379324
-97.85974,200,7549.63287
9.409614,2,7549.6943
-104.953691,200,7552.172371
-108.191518,200,7554.646517
-102.150993,200,7557.077825
-102.544195,200,7559.468405
-89.557849,200,7562.080876
-80.470762,200,7564.901352
-117.049589,200,7567.421597
-95.197334,200,7569.794012
-105.23693,200,7572.1742
-93.163728,200,7574.703899
-99.646787,200,7577.029905
-107.006734,200,7579.275839
-133.166402,200,7581.750386
-136.511836,200,7584.218099
-126.197113,200,7586.771003
-29.95339,100,7587.919975
-0.414417,21,7588.217139
-107.904835,200,7590.680078
-98.241038,200,7593.246068
-114.114522,200,7595.766792
-101.828244,200,7598.240907
-108.050413,200,7600.681154
-89.140614,200,7603.311149
-114.879736,200,7605.684613
-122.320227,200,7608.249024
-92.147767,200,7610.708262
-92.055521,200,7613.110844
-91.177812,200,7615.599855
-116.852335,200,7618.342521
-120.23127,200,7620.847852
8.966744,3,7620.921158
-120.868943,200,7623.130267
-109.788518,200,7625.762309
4.210973,15,7625.97612
-119.060622,200,7628.483965
-89.248698,200,7630.849608
-0.615447,25,7631.192724
6.172756,12,7631.369078
-115.883783,200,7633.833609
-107.127056,200,7636.319899
-68.656945,137,7637.951584
-123.995579,200,7640.404255
-142.417977,200,7642.961676
-114.874149,200,7645.305318
-127.547362,200,7647.65181
-126.245517,200,7649.870271
-122.202369,200,7652.277309
-133.816013,200,7654.797571
-0.003199,26,7655.144691
9.019223,5,7655.241221
-112.405618,200,7657.738183
-126.46151,200,7660.51081
-97.362935,200,7663.431454
4.822901,14,7663.632185
-90.955961,200,7666.072138
-108.016406,200,7668.607962
-130.861553,200,7671.318505
-105.986812,200,7674.011098
-108.630924,200,7676.83723
-137.360265,200,7679.271773
8.650043,4,7679.356957
-94.334848,200,7681.945853
-28.565686,86,7683.101368
-48.348885,148,7685.381492
-34.735553,80,7686.452522
-94.099384,200,7688.749119
-95.714881,200,7691.273957
8.224705,5,7691.369947
-71.83387,200,7693.855809
-103.085113,200,7696.195378
-93.736122,200,7698.624445
-96.052501,200,7701.503194
-99.873347,200,7704.163343
-97.066028,200,7706.740722
-133.906339,200,7709.819283
2.711745,17,7710.4186
-91.886509,200,7715.128533
0.595234,25,7715.634065
-104.195892,200,7719.562209
-94.072122,200,7723.608916
-103.506753,200,7727.571238
-131.173415,200,7731.792427
-51.914734,124,7734.130988
-139.816331,200,7738.17914
-92.521638,200,7741.909367
-105.544533,200,7746.185345
-117.34728,200,7750.081416
-113.030469,200,7753.976813
-145.531912,200,7757.956435
-110.968647,200,7763.061945
-92.668265,200,7767.979341
-78.174613,200,7772.00926
-128.224491,200,7776.19566
-83.021376,200,7780.358749
-129.798353,200,7784.608051
-112.997724,200,7788.617443
4.662434,18,7789.132335
-131.748018,200,7793.114659
-1.019059,30,7793.736275
-109.226835,200,7797.968366
-89.291418,200,7808.421943
-112.617167,200,9352.634572
-97.520686,200,9365.902513
8.218998,6,9366.165133
-158.136406,200,9375.953921
-5.559641,33,9378.171698
-106.971798,200,9401.034348
8.662539,4,9401.463693
5.779829,11,9402.292199
-90.645667,200,9410.376207
-106.269168,200,9415.377383
-79.348231,200,9418.972638
-91.178009,200,9422.149802
-122.390442,200,9425.305216
-95.963688,200,9429.155215
2.461495,22,9429.533444
-116.707891,200,9434.025381
-101.894301,200,9437.756907
-119.959041,200,9440.897307
-140.795658,200,9444.300809
-107.044954,200,9447.391086
-24.894625,72,9448.568206
-97.627546,200,9451.54314
-114.150572,200,9454.243692
-101.025707,200,9456.950513
-97.359055,200,9459.495122
-104.233312,200,9462.086602
-132.763349,200,9464.731678
-122.615734,200,9469.08654
-124.894136,200,9473.251025
-112.035291,200,9476.829372
4.682256,14,9477.058688
5.560995,11,9477.416465
-1.464456,23,9478.865053
-103.076491,200,9481.893478
-129.376193,200,9484.373112
-112.247265,200,9487.975481
-98.51382,200,9490.431431
-111.339196,200,9492.893356
-91.863955,200,9496.293107
-103.065307,200,9498.735266
-163.041542,200,9501.588477
-107.396373,200,9504.426342
-118.95968,200,9506.99653
-98.433152,200,9509.861329
-122.284894,200,9512.65157
-16.581349,61,9513.591547
-143.096636,200,9516.520898
9.501751,2,9516.619271
-100.97902,200,9519.331194
-114.362815,200,9522.338326
-93.636626,200,9526.097442
-116.869113,200,9529.242817
-121.683685,200,9532.168436
-8.265345,43,9532.824895
-124.973423,200,9536.299667
5.338644,12,9536.545183
-20.796983,67,9537.59953
-47.639487,114,9539.504456
-125.18856,200,9542.785654
-18.307694,67,9543.843653
-129.536475,200,9547.679555
-63.391865,155,9550.125077
-123.969571,200,9553.395572
-114.579291,200,9557.564143
-114.34996,200,9560.955261
-89.405897,200,9564.35826
-97.913506,200,9567.45371
-108.158869,200,9569.682035
-115.057902,200,9571.897078
-111.190723,200,9573.985313
-117.972891,200,9576.569848
